Sentence,Gold
I was blown away.,"['B-ARG1', 'O', 'B-V', 'B-ARGM-DIR', 'O']"
A car was sold.,"['B-ARG1', 'I-ARG1', 'O', 'B-V', 'O']"
He was sent from home.,"['B-ARG1', 'O', 'B-V', 'B-ARGM-LOC', 'I-ARGM-LOC', 'O']"
The flowers grew quickly.,"['B-ARG0', 'I-ARG0', 'B-V', 'B-ARGM-MNR', 'O']"
The leaves rustled in the wind.,"['B-ARG0', 'I-ARG0', 'B-V', 'B-ARGM-LOC', 'I-ARGM-LOC', 'I-ARGM-LOC', 'O']"
The firefighter was saved by Ben.,"['B-ARG1', 'I-ARG1', 'O', 'B-V', 'O', 'B-ARG0', 'O']"
The doctor was cured by Ben.,"['B-ARG1', 'I-ARG1', 'O', 'B-V', 'O', 'B-ARG0', 'O']"
The murderer was murdered by Ben.,"['B-ARG1', 'I-ARG1', 'O', 'B-V', 'O', 'B-ARG0', 'O']"
The patient diagnosed Ben.,"['B-ARG0', 'I-ARG0', 'B-V', 'B-ARG1', 'O']"
The victim killed Ben.,"['B-ARG0', 'I-ARG0', 'B-V', 'B-ARG1', 'O']"
