Sentence,Arguments
Along with an area on the page for those to join the mailing list.,"['O', 'O', 'O', 'O', 'O', 'O', 'O', 'O', 'B-ARG0', 'O', 'B-V', 'B-ARG1', 'I-ARG1', 'I-ARG1', 'O']"
I went with Natasha.,"['B-ARG0', 'B-V', 'B-ARGM-COM', 'I-ARGM-COM', 'O']"
Deep tissue massage helps with pain in neck and shoulders,"['B-ARG0', 'I-ARG0', 'I-ARG0', 'B-V', 'B-ARG1', 'I-ARG1', 'I-ARG1', 'I-ARG1', 'I-ARG1', 'I-ARG1']"
"The setting feels like a Sushi bar in NYC; small, cozy, but with flair.","['B-ARG1', 'I-ARG1', 'B-V', 'B-ARG2', 'I-ARG2', 'I-ARG2', 'I-ARG2', 'I-ARG2', 'I-ARG2', 'I-ARG2', 'I-ARG2', 'I-ARG2', 'I-ARG2', 'I-ARG2', 'I-ARG2', 'I-ARG2', 'I-ARG2', 'O']"
They have awesome service with a smile :),"['B-ARG0', 'B-V', 'B-ARG1', 'I-ARG1', 'B-ARGM-MNR', 'I-ARGM-MNR', 'I-ARGM-MNR', 'O']"
