Sentence,Arguments
What if POSTNL turned into DPD?,"['O', 'O', 'B-ARG1', 'B-V', 'B-ARG2', 'I-ARG2', 'O']"
POSTNL is a nice delivery company.,"['B-ARG1', 'B-V', 'B-ARG2', 'I-ARG2', 'I-ARG2', 'I-ARG2', 'O']"
Why would anybody else use it for anything else?,"['B-ARGM-PRP', 'B-ARGM-MOD', 'B-ARG0', 'I-ARG0', 'B-V', 'B-ARG1', 'B-ARG2', 'I-ARG2', 'I-ARG2', 'O']"
Was this the jar opener?,"['B-V', 'B-ARG1', 'B-ARG2', 'I-ARG2', 'I-ARG2', 'O']"
"I get bloger, of course.","['O', 'B-V', 'B-ARG2', 'O', 'B-ARGM-ADV', 'I-ARGM-ADV', 'O']"
