Sentence,Arguments
He wouldn't accept anything of value.,"['B-ARG0', 'B-ARGM-MOD', 'B-ARGM-NEG', 'B-V', 'B-ARG1', 'I-ARG1', 'I-ARG1', 'O']"
A car was sold to Chuck by Jerry.,"['B-ARG1', 'I-ARG1', 'O', 'B-V', 'B-ARG2', 'I-ARG2', 'B-ARG0', 'I-ARG0', 'O']"
I was married by a judge.,"['B-ARG1', 'O', 'B-V', 'B-ARG0', 'I-ARG0', 'I-ARG0', 'O']"
Bill called Ben a doctor.,"['B-ARG0', 'B-V', 'B-ARG1', 'B-ARG2', 'I-ARG2', 'O']"
I was blown away with their service.,"['B-ARG1', 'O', 'B-V', 'O', 'B-ARG1', 'I-ARG1', 'I-ARG1', 'O']"
