Sentence,Arguments
I kicked him the ball.,"['B-ARG0', 'B-V', 'B-ARG1', 'B-ARG2', 'I-ARG2', 'O']"
The journalist sent New York the manuscript.,"['B-ARG0', 'I-ARG0', 'B-V', 'B-ARG2', 'I-ARG2', 'B-ARG1', 'I-ARG1', 'O']"
The journalist sent the manuscript to New York.,"['B-ARG0', 'I-ARG0', 'B-V', 'B-ARG1', 'I-ARG1', 'B-ARG2', 'I-ARG2', 'I-ARG2', 'O']"
The looters shattered the store window.,"['B-ARG0', 'I-ARG0', 'B-V', 'B-ARG1', 'I-ARG1', 'I-ARG1', 'O']"
The store window shattered.,"['B-ARG1', 'I-ARG1', 'I-ARG1', 'B-V', 'O']"
