Sentence,Arguments
Ben cooked the potatoes.,"['B-ARG0', 'B-V', 'B-ARG1', 'I-ARG1', 'O']"
Ben steamed the potatoes in the oven.,"['B-ARG0', 'B-V', 'B-ARG1', 'I-ARG1', 'B-ARGM-LOC', 'I-ARGM-LOC', 'I-ARGM-LOC', 'O']"
Idaho potatoes baked beautifully.,"['B-ARG1', 'I-ARG1', 'B-V', 'B-ARGM-MNR', 'O']"
Potatoes roasted to a crisp.,"['B-ARG1', 'B-V', 'B-ARG2', 'I-ARG2', 'I-ARG2', 'O']"
We boil the egg with the stove.,"['B-ARG0', 'B-V', 'B-ARG1', 'I-ARG1', 'B-ARGM-MNR', 'I-ARGM-MNR', 'I-ARGM-MNR', 'O']"
