Sentence,Gold
Along with an area on the page for those to join the mailing list.,"['O', 'O', 'O', 'O', 'O', 'O', 'O', 'O', 'B-ARG0', 'O', 'B-V', 'O', 'O', 'B-ARG1', 'O']"
I went with Natasha.,"['B-ARG0', 'B-V', 'O', 'B-ARG1O']"
Deep tissue massage helps with pain in neck and shoulders,"['O', 'O', 'B-ARG0', 'B-V', 'O', 'B-ARG1', 'O', 'O', 'O', 'O']"
"The setting feels like a Sushi bar in NYC; small, cozy, but with flair.","['O', 'B-ARG1', 'B-V', 'O', 'O', 'O', 'B-ARG2', 'O', 'O', 'O', 'O', 'O', 'O', 'O', 'O', 'O', 'O', 'O']"
They have awesome service with a smile :),"['B-ARG0', 'B-V', 'B-ARGM-ADJ', 'B-ARG1', 'O', 'O', 'B-ARGM-MNR', 'O']"
